epoch,step,loss,val_loss
0,5,1.941149115562439,
1,11,1.1028988361358643,
2,17,1.0726146697998047,
3,23,,0.847825825214386
3,23,1.0144894123077393,
4,29,1.0093610286712646,
5,35,1.0045799016952515,
6,41,0.9932594895362854,
7,47,,0.8350462913513184
7,47,0.9964584708213806,
8,53,0.9856278896331787,
9,59,0.9847432374954224,
10,65,0.9778779149055481,
11,71,,0.7960047125816345
11,71,0.9527673721313477,
12,77,0.8556210994720459,
13,83,0.793650209903717,
14,89,0.72864830493927,
15,95,,0.6389341950416565
15,95,0.7172369956970215,
16,101,0.6580014824867249,
17,107,0.6255668997764587,
18,113,0.6146601438522339,
19,119,,0.6015395522117615
19,119,0.6047523021697998,
20,125,0.5899373888969421,
21,131,0.5660221576690674,
22,137,0.5625317692756653,
23,143,,0.5732641816139221
23,143,0.5609185099601746,
24,149,0.5610710978507996,
25,155,0.5495317578315735,
26,161,0.518851101398468,
27,167,,0.551060676574707
27,167,0.5120337009429932,
28,173,0.5091801881790161,
29,179,0.5398503541946411,
30,185,0.5077549815177917,
31,191,,0.5443762540817261
31,191,0.5197803974151611,
32,197,0.4768929183483124,
33,203,0.4980281889438629,
34,209,0.5040705800056458,
35,215,,0.5267583131790161
35,215,0.4838508367538452,
36,221,0.463560551404953,
37,227,0.5003272891044617,
38,233,0.490926057100296,
39,239,,0.5028669238090515
39,239,0.4611437916755676,
40,245,0.45344629883766174,
41,251,0.459861695766449,
42,257,0.47371789813041687,
43,263,,0.49283111095428467
43,263,0.4662196636199951,
44,269,0.4552420973777771,
45,275,0.44932347536087036,
46,281,0.44305911660194397,
47,287,,0.49618926644325256
47,287,0.4383646845817566,
48,293,0.4462625980377197,
49,299,0.42551669478416443,
50,305,0.44581547379493713,
51,311,,0.5030472278594971
51,311,0.4432702660560608,
52,317,0.43140095472335815,
53,323,0.44154828786849976,
54,329,0.4164417088031769,
55,335,,0.47902143001556396
55,335,0.43664461374282837,
56,341,0.41277772188186646,
57,347,0.41545403003692627,
58,353,0.41290679574012756,
59,359,,0.4732954204082489
59,359,0.4341336786746979,
60,365,0.4312088191509247,
61,371,0.4290751516819,
62,377,0.4294185936450958,
63,383,,0.465452641248703
63,383,0.41602620482444763,
64,389,0.4076938033103943,
65,395,0.4446865916252136,
66,401,0.4259437918663025,
67,407,,0.4723902940750122
67,407,0.42364996671676636,
68,413,0.3997301757335663,
69,419,0.4001410901546478,
70,425,0.42283895611763,
71,431,,0.46302664279937744
71,431,0.4164813756942749,
72,437,0.39975476264953613,
73,443,0.4018242359161377,
74,449,0.4143625795841217,
75,455,,0.4567875862121582
75,455,0.4165458679199219,
76,461,0.4134238660335541,
77,467,0.42557182908058167,
78,473,0.42381229996681213,
79,479,,0.45319172739982605
79,479,0.39464953541755676,
80,485,0.40566757321357727,
81,491,0.3888455927371979,
82,497,0.4259549677371979,
83,503,,0.46202003955841064
83,503,0.3867652118206024,
84,509,0.4222305715084076,
85,515,0.3919219672679901,
86,521,0.40150314569473267,
87,527,,0.4502105116844177
87,527,0.4080754220485687,
88,533,0.411276638507843,
89,539,0.38811737298965454,
90,545,0.41576966643333435,
91,551,,0.45191502571105957
91,551,0.4121987521648407,
92,557,0.39389318227767944,
93,563,0.396210253238678,
94,569,0.3983406722545624,
95,575,,0.44555285573005676
95,575,0.4068131744861603,
96,581,0.3812975585460663,
97,587,0.397783488035202,
98,593,0.40267252922058105,
99,599,,0.44787806272506714
99,599,0.4011540114879608,
100,605,0.3798515796661377,
101,611,0.410278856754303,
102,617,0.4177934229373932,
103,623,,0.4439627230167389
103,623,0.3941922187805176,
104,629,0.3707083463668823,
105,635,0.38311728835105896,
106,641,0.4047428071498871,
107,647,,0.4474971294403076
107,647,0.39082351326942444,
108,653,0.40020355582237244,
109,659,0.393733948469162,
110,665,0.4120464324951172,
111,671,,0.4486481249332428
111,671,0.3945235311985016,
112,677,0.3976019024848938,
113,683,0.41925114393234253,
114,689,0.3793063759803772,
115,695,,0.4404184818267822
115,695,0.37413930892944336,
116,701,0.4014609158039093,
117,707,0.3759607970714569,
118,713,0.3927936553955078,
119,719,,0.4398099184036255
119,719,0.4043568968772888,
120,725,0.36649584770202637,
121,731,0.39527180790901184,
122,737,0.3728061318397522,
123,743,,0.4422922432422638
123,743,0.3852909505367279,
124,749,0.3868550658226013,
125,755,0.36676502227783203,
126,761,0.41660478711128235,
127,767,,0.44266021251678467
127,767,0.38095352053642273,
128,773,0.39000946283340454,
129,779,0.403382807970047,
130,785,0.39161643385887146,
131,791,,0.4373379349708557
131,791,0.3767363429069519,
132,797,0.38174575567245483,
133,803,0.39200350642204285,
134,809,0.3949924111366272,
135,815,,0.43535828590393066
135,815,0.3872825801372528,
136,821,0.4003961682319641,
137,827,0.37778452038764954,
138,833,0.39594534039497375,
139,839,,0.4354221224784851
139,839,0.39718198776245117,
140,845,0.37426745891571045,
141,851,0.3726729452610016,
142,857,0.37035587430000305,
143,863,,0.43504050374031067
143,863,0.3917306363582611,
144,869,0.3760314881801605,
145,875,0.39895719289779663,
146,881,0.3858349919319153,
147,887,,0.43663814663887024
147,887,0.3888157904148102,
148,893,0.3902965784072876,
149,899,0.3770885467529297,
150,905,0.37411579489707947,
151,911,,0.4355677366256714
151,911,0.38734492659568787,
152,917,0.39319369196891785,
153,923,0.3776787519454956,
154,929,0.37792178988456726,
155,935,,0.43584761023521423
155,935,0.4010621905326843,
156,941,0.36396676301956177,
157,947,0.38523662090301514,
158,953,0.3683041036128998,
159,959,,0.43612512946128845
159,959,0.39564940333366394,
160,965,0.3996445834636688,
161,971,0.4019004702568054,
162,977,0.38493412733078003,
163,983,,0.4351312220096588
163,983,0.3930334746837616,
164,989,0.3952041566371918,
165,995,0.390951544046402,
166,1001,0.39712652564048767,
167,1007,,0.43653014302253723
167,1007,0.4068966805934906,
168,1013,0.3818392753601074,
169,1019,0.3986041247844696,
170,1025,0.39287665486335754,
171,1031,,0.43644240498542786
171,1031,0.3878968358039856,
172,1037,0.40903928875923157,
173,1043,0.38712078332901,
174,1049,0.3910963833332062,
175,1055,,0.4364887475967407
175,1055,0.38049080967903137,
176,1061,0.36928126215934753,
177,1067,0.3749730587005615,
178,1073,0.3880642354488373,
179,1079,,0.43642643094062805
179,1079,0.37234416604042053,
180,1085,0.3806787133216858,
181,1091,0.37524011731147766,
182,1097,0.38070204854011536,
183,1103,,0.43558165431022644
183,1103,0.3963864743709564,
184,1109,0.3742024600505829,
185,1115,0.3846980333328247,
186,1121,0.41068196296691895,
187,1127,,0.43593695759773254
187,1127,0.3845413327217102,
188,1133,0.36848965287208557,
189,1139,0.36938345432281494,
190,1145,0.37611186504364014,
191,1151,,0.4357832074165344
191,1151,0.3996107578277588,
192,1157,0.3802386224269867,
193,1163,0.40363988280296326,
194,1169,0.39242789149284363,
195,1175,,0.4358254373073578
195,1175,0.38735565543174744,
196,1181,0.36322450637817383,
197,1187,0.3911287784576416,
198,1193,0.3671462833881378,
199,1199,,0.43607842922210693
199,1199,0.3887091875076294,
200,1205,0.3834553360939026,
201,1211,0.3892273008823395,
202,1217,0.3830363154411316,
203,1223,,0.4358578026294708
203,1223,0.3892078697681427,
204,1229,0.3796585500240326,
205,1235,0.3988994061946869,
206,1241,0.3896861970424652,
207,1247,,0.4357829689979553
207,1247,0.39662936329841614,
208,1253,0.40428677201271057,
209,1259,0.3841468393802643,
210,1265,0.3987236022949219,
211,1271,,0.43561503291130066
211,1271,0.37957891821861267,
212,1277,0.37175849080085754,
213,1283,0.39348793029785156,
214,1289,0.3730372488498688,
215,1295,,0.43561145663261414
215,1295,0.39409253001213074,
216,1301,0.3971044719219208,
217,1307,0.3771514296531677,
218,1313,0.37259209156036377,
219,1319,,0.43588998913764954
219,1319,0.39680251479148865,
220,1325,0.38574594259262085,
221,1331,0.3755004405975342,
222,1337,0.3841356039047241,
223,1343,,0.43589887022972107
223,1343,0.3862012028694153,
224,1349,0.3799945116043091,
225,1355,0.3789396584033966,
226,1361,0.4101943075656891,
227,1367,,0.43554383516311646
227,1367,0.3812057077884674,
228,1373,0.3721252381801605,
229,1379,0.3756469488143921,
230,1385,0.40664801001548767,
231,1391,,0.43575459718704224
231,1391,0.381487637758255,
232,1397,0.3707474172115326,
233,1403,0.3882121443748474,
234,1409,0.3931058943271637,
235,1415,,0.4358759820461273
235,1415,0.38031232357025146,
236,1421,0.3829697370529175,
237,1427,0.40273788571357727,
238,1433,0.39579418301582336,
239,1439,,0.4357292354106903
239,1439,0.39733144640922546,
240,1445,0.37992221117019653,
241,1451,0.37482985854148865,
242,1457,0.3857322335243225,
243,1463,,0.4356921315193176
243,1463,0.36905601620674133,
244,1469,0.4092392921447754,
245,1475,0.3746694326400757,
246,1481,0.39404115080833435,
247,1487,,0.4356270730495453
247,1487,0.3797576129436493,
248,1493,0.3974556624889374,
249,1499,0.3670386075973511,
250,1505,0.39394932985305786,
251,1511,,0.4357033967971802
251,1511,0.38057881593704224,
252,1517,0.38487738370895386,
253,1523,0.37938210368156433,
254,1529,0.3722676634788513,
255,1535,,0.43575772643089294
255,1535,0.3948397636413574,
256,1541,0.38891035318374634,
257,1547,0.3851650357246399,
258,1553,0.39920538663864136,
259,1559,,0.4357672333717346
259,1559,0.3826366662979126,
260,1565,0.3636171221733093,
261,1571,0.38619884848594666,
262,1577,0.36842086911201477,
263,1583,,0.43578284978866577
263,1583,0.35956162214279175,
264,1589,0.38106653094291687,
265,1595,0.37318453192710876,
266,1601,0.37936392426490784,
267,1607,,0.43578410148620605
267,1607,0.37589359283447266,
268,1613,0.38822871446609497,
269,1619,0.3850323259830475,
270,1625,0.38914385437965393,
271,1631,,0.43577009439468384
271,1631,0.3752627372741699,
272,1637,0.35266441106796265,
273,1643,0.3944545388221741,
274,1649,0.3635737895965576,
275,1655,,0.4357636272907257
275,1655,0.3874112367630005,
276,1661,0.3880435526371002,
277,1667,0.38229650259017944,
278,1673,0.3816598951816559,
279,1679,,0.4357571005821228
279,1679,0.3470584452152252,
280,1685,0.3826291263103485,
281,1691,0.4019680321216583,
282,1697,0.38505586981773376,
283,1703,,0.4357515871524811
283,1703,0.38131240010261536,
284,1709,0.3706876039505005,
285,1715,0.4116141200065613,
286,1721,0.3986021876335144,
287,1727,,0.4357578456401825
287,1727,0.3703326880931854,
288,1733,0.40127310156822205,
289,1739,0.4056573510169983,
290,1745,0.39410731196403503,
291,1751,,0.43576017022132874
291,1751,0.3827630281448364,
292,1757,0.36205077171325684,
293,1763,0.41159337759017944,
294,1769,0.38380497694015503,
295,1775,,0.43576452136039734
295,1775,0.3660433292388916,
296,1781,0.36785203218460083,
297,1787,0.3893345892429352,
298,1793,0.34906330704689026,
299,1799,,0.43576285243034363
299,1799,0.39386647939682007,
300,1805,0.3644479215145111,
301,1811,0.37009474635124207,
302,1817,0.38155868649482727,
303,1823,,0.43575945496559143
303,1823,0.3778073191642761,
304,1829,0.37086158990859985,
305,1835,0.39379405975341797,
306,1841,0.37374740839004517,
307,1847,,0.4357552230358124
307,1847,0.372638463973999,
308,1853,0.3660583198070526,
309,1859,0.3862868547439575,
310,1865,0.3713337779045105,
311,1871,,0.4357569217681885
311,1871,0.3807236850261688,
312,1877,0.37827691435813904,
313,1883,0.39005449414253235,
314,1889,0.3886672258377075,
315,1895,,0.43575936555862427
315,1895,0.3944482207298279,
316,1901,0.39944979548454285,
317,1907,0.38284793496131897,
318,1913,0.37870365381240845,
319,1919,,0.4357563853263855
319,1919,0.37764185667037964,
320,1925,0.3865734338760376,
321,1931,0.3948754370212555,
322,1937,0.36533835530281067,
323,1943,,0.4357556998729706
323,1943,0.39715874195098877,
324,1949,0.3870692849159241,
325,1955,0.3951333463191986,
326,1961,0.3857017159461975,
327,1967,,0.43575531244277954
327,1967,0.3679391145706177,
328,1973,0.37850332260131836,
329,1979,0.39933112263679504,
330,1985,0.36382463574409485,
331,1991,,0.43575406074523926
331,1991,0.37243959307670593,
332,1997,0.3975248634815216,
333,2003,0.3857385218143463,
334,2009,0.3865377902984619,
335,2015,,0.4357563257217407
335,2015,0.36792925000190735,
336,2021,0.3887636363506317,
337,2027,0.3753918707370758,
338,2033,0.3819226324558258,
339,2039,,0.4357554316520691
339,2039,0.38661009073257446,
340,2045,0.3920847177505493,
341,2051,0.38310784101486206,
342,2057,0.37833455204963684,
343,2063,,0.43575605750083923
343,2063,0.3924455940723419,
344,2069,0.3840320408344269,
345,2075,0.36670607328414917,
346,2081,0.34960657358169556,
347,2087,,0.43575721979141235
347,2087,0.3866451680660248,
348,2093,0.38323426246643066,
349,2099,0.3883516788482666,
350,2105,0.3826685845851898,
351,2111,,0.43575504422187805
351,2111,0.3885290324687958,
352,2117,0.37068527936935425,
353,2123,0.39056313037872314,
354,2129,0.36488601565361023,
355,2135,,0.43575334548950195
355,2135,0.3946962058544159,
356,2141,0.3996068239212036,
357,2147,0.3737792670726776,
358,2153,0.3748149871826172,
359,2159,,0.435749888420105
359,2159,0.3844624161720276,
360,2165,0.38928061723709106,
361,2171,0.39890778064727783,
362,2177,0.395521342754364,
363,2183,,0.43574944138526917
363,2183,0.38681647181510925,
364,2189,0.37292495369911194,
365,2195,0.3989661633968353,
366,2201,0.3936963379383087,
367,2207,,0.4357510209083557
367,2207,0.3861311972141266,
368,2213,0.3972359299659729,
369,2219,0.37106388807296753,
370,2225,0.3993006646633148,
371,2231,,0.4357524514198303
371,2231,0.3755563795566559,
372,2237,0.40531057119369507,
373,2243,0.3807922601699829,
374,2249,0.39038729667663574,
375,2255,,0.4357513189315796
375,2255,0.38190844655036926,
376,2261,0.3962598145008087,
377,2267,0.39717134833335876,
378,2273,0.40398338437080383,
379,2279,,0.43575194478034973
379,2279,0.35813140869140625,
380,2285,0.3616797626018524,
381,2291,0.3967372179031372,
382,2297,0.38333746790885925,
383,2303,,0.43575218319892883
383,2303,0.38898995518684387,
384,2309,0.3828888535499573,
385,2315,0.38056662678718567,
386,2321,0.39381495118141174,
387,2327,,0.43575549125671387
387,2327,0.3928144574165344,
388,2333,0.3827928900718689,
389,2339,0.3734350800514221,
390,2345,0.38060465455055237,
391,2351,,0.43575048446655273
391,2351,0.37057918310165405,
392,2357,0.40681901574134827,
393,2363,0.3788985311985016,
394,2369,0.3776165246963501,
395,2375,,0.43575289845466614
395,2375,0.3795533776283264,
396,2381,0.3707629442214966,
397,2387,0.37800833582878113,
398,2393,0.399200975894928,
399,2399,,0.43575674295425415
399,2399,0.36275559663772583,
400,2405,0.4044742286205292,
401,2411,0.39797836542129517,
402,2417,0.39193132519721985,
403,2423,,0.4357573986053467
403,2423,0.3780387043952942,
404,2429,0.3783620595932007,
405,2435,0.38203030824661255,
406,2441,0.39854899048805237,
407,2447,,0.43575865030288696
407,2447,0.37876978516578674,
408,2453,0.41218748688697815,
409,2459,0.4015219509601593,
410,2465,0.37265902757644653,
411,2471,,0.43575820326805115
411,2471,0.3832341134548187,
412,2477,0.40309369564056396,
413,2483,0.3997385501861572,
414,2489,0.37741321325302124,
415,2495,,0.4357552230358124
415,2495,0.3588503301143646,
416,2501,0.3825637102127075,
417,2507,0.3730815052986145,
418,2513,0.3891729414463043,
419,2519,,0.43575558066368103
419,2519,0.38327306509017944,
420,2525,0.3680685758590698,
421,2531,0.3692411184310913,
422,2537,0.39752906560897827,
423,2543,,0.43575775623321533
423,2543,0.40303176641464233,
424,2549,0.3870675265789032,
425,2555,0.36118781566619873,
426,2561,0.3941735327243805,
427,2567,,0.4357568323612213
427,2567,0.38177013397216797,
428,2573,0.39489325881004333,
429,2579,0.3952162563800812,
430,2585,0.37846943736076355,
431,2591,,0.43575575947761536
431,2591,0.37984442710876465,
432,2597,0.38609078526496887,
433,2603,0.39121952652931213,
434,2609,0.3759349286556244,
435,2615,,0.43575772643089294
435,2615,0.3993901014328003,
436,2621,0.4014863967895508,
437,2627,0.38842251896858215,
438,2633,0.3728713393211365,
439,2639,,0.4357620179653168
439,2639,0.374857097864151,
440,2645,0.3919329345226288,
441,2651,0.3716239333152771,
442,2657,0.3992360830307007,
443,2663,,0.4357600510120392
443,2663,0.3702278435230255,
444,2669,0.39350244402885437,
445,2675,0.38743212819099426,
446,2681,0.38807278871536255,
447,2687,,0.4357606768608093
447,2687,0.4146040081977844,
448,2693,0.3928735554218292,
449,2699,0.3848777413368225,
450,2705,0.37888315320014954,
451,2711,,0.43576058745384216
451,2711,0.3927777111530304,
452,2717,0.3981163799762726,
453,2723,0.36555367708206177,
454,2729,0.3833219110965729,
455,2735,,0.4357620179653168
455,2735,0.37739166617393494,
456,2741,0.36936384439468384,
457,2747,0.3815746307373047,
458,2753,0.37578850984573364,
459,2759,,0.4357603192329407
459,2759,0.3841167986392975,
460,2765,0.37581923604011536,
461,2771,0.38940319418907166,
462,2777,0.3808628022670746,
463,2783,,0.43575283885002136
463,2783,0.3822072446346283,
464,2789,0.3998887240886688,
465,2795,0.3903501629829407,
466,2801,0.39027461409568787,
467,2807,,0.43575042486190796
467,2807,0.378303587436676,
468,2813,0.3749246299266815,
469,2819,0.3741135597229004,
470,2825,0.38047662377357483,
471,2831,,0.43574684858322144
471,2831,0.40125909447669983,
472,2837,0.38684386014938354,
473,2843,0.39961767196655273,
474,2849,0.3979082405567169,
475,2855,,0.43574780225753784
475,2855,0.3905220627784729,
476,2861,0.36759111285209656,
477,2867,0.3832046389579773,
478,2873,0.3716025650501251,
479,2879,,0.4357494115829468
479,2879,0.38695868849754333,
480,2885,0.37184247374534607,
481,2891,0.394525945186615,
482,2897,0.40926727652549744,
483,2903,,0.43575191497802734
483,2903,0.3753020465373993,
484,2909,0.4061785936355591,
485,2915,0.3884284496307373,
486,2921,0.38666704297065735,
487,2927,,0.4357569217681885
487,2927,0.37912410497665405,
488,2933,0.39076629281044006,
489,2939,0.37896308302879333,
490,2945,0.38323500752449036,
491,2951,,0.43576040863990784
491,2951,0.3861607611179352,
492,2957,0.3846643269062042,
493,2963,0.37716352939605713,
494,2969,0.3551855683326721,
495,2975,,0.4357529878616333
495,2975,0.37690970301628113,
496,2981,0.37803635001182556,
497,2987,0.39769333600997925,
498,2993,0.39038392901420593,
499,2999,,0.435753732919693
499,2999,0.368772953748703,
500,3005,0.3984619081020355,
501,3011,0.3764219582080841,
502,3017,0.40659356117248535,
503,3023,,0.43575602769851685
503,3023,0.3741181492805481,
504,3029,0.3774016499519348,
505,3035,0.3725304901599884,
506,3041,0.4087851047515869,
507,3047,,0.43575695157051086
507,3047,0.3775097131729126,
508,3053,0.3983687460422516,
509,3059,0.37546879053115845,
510,3065,0.3801025450229645,
511,3071,,0.435760498046875
511,3071,0.38076725602149963,
512,3077,0.37661662697792053,
513,3083,0.39197608828544617,
514,3089,0.37389814853668213,
515,3095,,0.4357648193836212
515,3095,0.3625071048736572,
516,3101,0.35748153924942017,
517,3107,0.3849012851715088,
518,3113,0.36291050910949707,
519,3119,,0.43576580286026
519,3119,0.37224847078323364,
520,3125,0.3761371076107025,
521,3131,0.4010457992553711,
522,3137,0.3666878640651703,
523,3143,,0.4357680380344391
523,3143,0.389566034078598,
524,3149,0.3920094072818756,
525,3155,0.37459656596183777,
526,3161,0.38296106457710266,
527,3167,,0.4357687532901764
527,3167,0.39081519842147827,
528,3173,0.3907690644264221,
529,3179,0.3808571398258209,
530,3185,0.38509899377822876,
531,3191,,0.435764878988266
531,3191,0.366232305765152,
532,3197,0.400373250246048,
533,3203,0.39710733294487,
534,3209,0.36894381046295166,
535,3215,,0.43576276302337646
535,3215,0.3818843364715576,
536,3221,0.37223199009895325,
537,3227,0.38181766867637634,
538,3233,0.38109490275382996,
539,3239,,0.4357616603374481
539,3239,0.367794394493103,
540,3245,0.39193230867385864,
541,3251,0.3705468773841858,
542,3257,0.3651837408542633,
543,3263,,0.4357616603374481
543,3263,0.3844873905181885,
544,3269,0.3731355667114258,
545,3275,0.3860320448875427,
546,3281,0.3865869343280792,
547,3287,,0.43575870990753174
547,3287,0.3761831223964691,
548,3293,0.39081767201423645,
549,3299,0.3957655429840088,
550,3305,0.3813818395137787,
551,3311,,0.43575793504714966
551,3311,0.4071292579174042,
552,3317,0.39346805214881897,
553,3323,0.40041300654411316,
554,3329,0.39451783895492554,
555,3335,,0.4357626438140869
555,3335,0.38248729705810547,
556,3341,0.38311338424682617,
557,3347,0.38617420196533203,
558,3353,0.394561231136322,
559,3359,,0.4357609450817108
559,3359,0.3714528977870941,
560,3365,0.3840121626853943,
561,3371,0.3989310562610626,
562,3377,0.3780134618282318,
563,3383,,0.4357616901397705
563,3383,0.39638450741767883,
564,3389,0.3704891502857208,
565,3395,0.37552469968795776,
566,3401,0.39551544189453125,
567,3407,,0.43575817346572876
567,3407,0.37008386850357056,
568,3413,0.4063355624675751,
569,3419,0.386583536863327,
570,3425,0.39771178364753723,
571,3431,,0.43575426936149597
571,3431,0.40397897362709045,
572,3437,0.38120418787002563,
573,3443,0.3610002398490906,
574,3449,0.3654837906360626,
575,3455,,0.4357520043849945
575,3455,0.36237776279449463,
576,3461,0.3906434178352356,
577,3467,0.4014788866043091,
578,3473,0.3841734230518341,
579,3479,,0.43574997782707214
579,3479,0.3878353536128998,
580,3485,0.41624632477760315,
581,3491,0.36667266488075256,
582,3497,0.3883591592311859,
583,3503,,0.43575140833854675
583,3503,0.39079129695892334,
584,3509,0.3965262472629547,
585,3515,0.3703748285770416,
586,3521,0.4197129011154175,
587,3527,,0.43575361371040344
587,3527,0.38093507289886475,
588,3533,0.3725745677947998,
589,3539,0.3653463125228882,
590,3545,0.3988158106803894,
591,3551,,0.43575677275657654
591,3551,0.3847096264362335,
592,3557,0.39425963163375854,
593,3563,0.3622497320175171,
594,3569,0.3579685091972351,
595,3575,,0.4357549548149109
595,3575,0.40300485491752625,
596,3581,0.40397801995277405,
597,3587,0.37453657388687134,
598,3593,0.3629757761955261,
599,3599,,0.43575218319892883
599,3599,0.37862923741340637,
600,3605,0.38696062564849854,
601,3611,0.38707995414733887,
602,3617,0.3905274569988251,
603,3623,,0.43574851751327515
603,3623,0.40049973130226135,
604,3629,0.4036966562271118,
605,3635,0.36944183707237244,
606,3641,0.3724278211593628,
607,3647,,0.4357481002807617
607,3647,0.3858678638935089,
608,3653,0.392995148897171,
609,3659,0.385463684797287,
610,3665,0.3926214277744293,
611,3671,,0.435748428106308
611,3671,0.3875953257083893,
612,3677,0.38959187269210815,
613,3683,0.3725925385951996,
614,3689,0.38461706042289734,
615,3695,,0.43575119972229004
615,3695,0.4176846146583557,
616,3701,0.37741076946258545,
617,3707,0.38726815581321716,
618,3713,0.372480571269989,
619,3719,,0.4357532858848572
619,3719,0.3858223855495453,
620,3725,0.36733874678611755,
621,3731,0.3808845281600952,
622,3737,0.40286633372306824,
623,3743,,0.4357490837574005
623,3743,0.3645559847354889,
624,3749,0.3863697946071625,
625,3755,0.38476043939590454,
626,3761,0.37539970874786377,
627,3767,,0.43574953079223633
627,3767,0.38989049196243286,
628,3773,0.38664510846138,
629,3779,0.3776809573173523,
630,3785,0.37419793009757996,
631,3791,,0.4357430040836334
631,3791,0.3876580595970154,
632,3797,0.40139421820640564,
633,3803,0.39161643385887146,
634,3809,0.36114177107810974,
635,3815,,0.4357418417930603
635,3815,0.39207014441490173,
636,3821,0.3864433467388153,
637,3827,0.3891068398952484,
638,3833,0.40588638186454773,
639,3839,,0.43573710322380066
639,3839,0.38028275966644287,
640,3845,0.38858383893966675,
641,3851,0.3694155514240265,
642,3857,0.3630785346031189,
643,3863,,0.43572160601615906
643,3863,0.382874995470047,
644,3869,0.3985259234905243,
645,3875,0.3784946799278259,
646,3881,0.38324135541915894,
647,3887,,0.43571850657463074
647,3887,0.3750515580177307,
648,3893,0.39933064579963684,
649,3899,0.40363311767578125,
650,3905,0.36152341961860657,
651,3911,,0.4357178807258606
651,3911,0.4009038805961609,
652,3917,0.3784000873565674,
653,3923,0.3797324001789093,
654,3929,0.37030747532844543,
655,3935,,0.4357232451438904
655,3935,0.3783440589904785,
656,3941,0.39531075954437256,
657,3947,0.3736989498138428,
658,3953,0.3897014856338501,
659,3959,,0.43572333455085754
659,3959,0.38162022829055786,
660,3965,0.41497692465782166,
661,3971,0.3745831549167633,
662,3977,0.4001598358154297,
663,3983,,0.4357282221317291
663,3983,0.38856571912765503,
664,3989,0.3896844983100891,
665,3995,0.39523565769195557,
666,4001,0.3892778158187866,
667,4007,,0.4357375204563141
667,4007,0.3820756673812866,
668,4013,0.38717150688171387,
669,4019,0.3790809214115143,
670,4025,0.3909834027290344,
671,4031,,0.43573448061943054
671,4031,0.3932977318763733,
672,4037,0.3944759666919708,
673,4043,0.41092920303344727,
674,4049,0.3801472783088684,
675,4055,,0.43573448061943054
675,4055,0.39199531078338623,
676,4061,0.3828164339065552,
677,4067,0.39998510479927063,
678,4073,0.3869309425354004,
679,4079,,0.43572911620140076
679,4079,0.3736940324306488,
680,4085,0.3865232765674591,
681,4091,0.3892054557800293,
682,4097,0.36806413531303406,
683,4103,,0.4357282221317291
683,4103,0.3774532079696655,
684,4109,0.40928974747657776,
685,4115,0.38657960295677185,
686,4121,0.3993139863014221,
687,4127,,0.43573567271232605
687,4127,0.38165003061294556,
688,4133,0.37184369564056396,
689,4139,0.3988666236400604,
690,4145,0.3851049840450287,
691,4151,,0.4357413947582245
691,4151,0.3937694728374481,
692,4157,0.38091644644737244,
693,4163,0.3763374984264374,
694,4169,0.38698694109916687,
695,4175,,0.4357416331768036
695,4175,0.3771718740463257,
696,4181,0.3828771412372589,
697,4187,0.39138901233673096,
698,4193,0.36621391773223877,
699,4199,,0.4357413053512573
699,4199,0.3926578760147095,
700,4205,0.38051024079322815,
701,4211,0.36548998951911926,
702,4217,0.40825405716896057,
703,4223,,0.43574923276901245
703,4223,0.39423298835754395,
704,4229,0.3811710774898529,
705,4235,0.40746158361434937,
706,4241,0.38540980219841003,
707,4247,,0.43575575947761536
707,4247,0.38664570450782776,
708,4253,0.39525067806243896,
709,4259,0.38325735926628113,
710,4265,0.3881390392780304,
711,4271,,0.43575507402420044
711,4271,0.3921267092227936,
712,4277,0.3809260427951813,
713,4283,0.36765071749687195,
714,4289,0.37993893027305603,
715,4295,,0.43575623631477356
715,4295,0.374099463224411,
716,4301,0.390785813331604,
717,4307,0.38141727447509766,
718,4313,0.40400341153144836,
719,4319,,0.43575677275657654
719,4319,0.4231705963611603,
720,4325,0.38718152046203613,
721,4331,0.39679789543151855,
722,4337,0.4018706977367401,
723,4343,,0.43576040863990784
723,4343,0.4039820432662964,
724,4349,0.37129852175712585,
725,4355,0.3991755545139313,
726,4361,0.4001227915287018,
727,4367,,0.4357665777206421
727,4367,0.3740360140800476,
728,4373,0.3865929841995239,
729,4379,0.37962549924850464,
730,4385,0.3967015743255615,
731,4391,,0.4357597231864929
731,4391,0.368915855884552,
732,4397,0.36378759145736694,
733,4403,0.3904286324977875,
734,4409,0.36812371015548706,
735,4415,,0.43575790524482727
735,4415,0.3715175986289978,
736,4421,0.3756057918071747,
737,4427,0.3926837146282196,
738,4433,0.3838927745819092,
739,4439,,0.43575960397720337
739,4439,0.36236923933029175,
740,4445,0.38671746850013733,
741,4451,0.3773907423019409,
742,4457,0.39587652683258057,
743,4463,,0.43576204776763916
743,4463,0.3904610574245453,
744,4469,0.3790084421634674,
745,4475,0.3730171322822571,
746,4481,0.37975338101387024,
747,4487,,0.4357670247554779
747,4487,0.3968737721443176,
748,4493,0.37417978048324585,
749,4499,0.38093242049217224,
750,4505,0.3724593222141266,
751,4511,,0.4357720613479614
751,4511,0.38440200686454773,
752,4517,0.3748740553855896,
753,4523,0.3969944715499878,
754,4529,0.37294939160346985,
755,4535,,0.43577319383621216
755,4535,0.37753188610076904,
756,4541,0.37192249298095703,
757,4547,0.3389834761619568,
758,4553,0.38963598012924194,
759,4559,,0.4357709586620331
759,4559,0.390153706073761,
760,4565,0.38962090015411377,
761,4571,0.3837904930114746,
762,4577,0.38060179352760315,
763,4583,,0.43577301502227783
763,4583,0.40586578845977783,
764,4589,0.38791850209236145,
765,4595,0.4022858738899231,
766,4601,0.3555420935153961,
767,4607,,0.43577104806900024
767,4607,0.383683979511261,
768,4613,0.39107149839401245,
769,4619,0.3894197940826416,
770,4625,0.37993916869163513,
771,4631,,0.43578073382377625
771,4631,0.3806893527507782,
772,4637,0.37780365347862244,
773,4643,0.37213853001594543,
774,4649,0.4016306698322296,
775,4655,,0.4357817769050598
775,4655,0.3991139233112335,
776,4661,0.40478551387786865,
777,4667,0.39293044805526733,
778,4673,0.3782774806022644,
779,4679,,0.435785710811615
779,4679,0.3823077380657196,
780,4685,0.36782917380332947,
781,4691,0.37452346086502075,
782,4697,0.3732948899269104,
783,4703,,0.43578606843948364
783,4703,0.3740409016609192,
784,4709,0.3939375579357147,
785,4715,0.40621238946914673,
786,4721,0.3809044063091278,
787,4727,,0.4357876181602478
787,4727,0.3782123923301697,
788,4733,0.392823725938797,
789,4739,0.3908068537712097,
790,4745,0.40505677461624146,
791,4751,,0.43579256534576416
791,4751,0.39274877309799194,
792,4757,0.39370182156562805,
793,4763,0.395345002412796,
794,4769,0.39160236716270447,
795,4775,,0.4357932507991791
795,4775,0.38828811049461365,
796,4781,0.3818522095680237,
797,4787,0.398990660905838,
798,4793,0.37693461775779724,
799,4799,,0.43578436970710754
799,4799,0.36553457379341125,
800,4805,0.39845460653305054,
801,4811,0.39496859908103943,
802,4817,0.37154513597488403,
803,4823,,0.4357825815677643
803,4823,0.3527611494064331,
804,4829,0.3867843747138977,
805,4835,0.38690274953842163,
806,4841,0.3978942930698395,
807,4847,,0.4357842803001404
807,4847,0.3793613314628601,
808,4853,0.3891451954841614,
809,4859,0.404136061668396,
810,4865,0.3749808371067047,
811,4871,,0.4357881546020508
811,4871,0.38466688990592957,
812,4877,0.38176798820495605,
813,4883,0.40553393959999084,
814,4889,0.39150336384773254,
815,4895,,0.4357858896255493
815,4895,0.37809187173843384,
816,4901,0.3700826168060303,
817,4907,0.39171215891838074,
818,4913,0.376700222492218,
819,4919,,0.4357856512069702
819,4919,0.3799619972705841,
820,4925,0.3752971291542053,
821,4931,0.38835853338241577,
822,4937,0.3937695622444153,
823,4943,,0.4357895851135254
823,4943,0.38063758611679077,
824,4949,0.4017299711704254,
825,4955,0.3929081857204437,
826,4961,0.4012998044490814,
827,4967,,0.43579962849617004
827,4967,0.38090968132019043,
828,4973,0.3753635287284851,
829,4979,0.3635532259941101,
830,4985,0.38660135865211487,
831,4991,,0.43580034375190735
831,4991,0.3600490987300873,
832,4997,0.4002770483493805,
833,5003,0.3818460702896118,
834,5009,0.4049348831176758,
835,5015,,0.4358016550540924
835,5015,0.38225287199020386,
836,5021,0.3947925865650177,
837,5027,0.37490928173065186,
838,5033,0.3735029101371765,
839,5039,,0.4358009696006775
839,5039,0.3807678520679474,
840,5045,0.37150290608406067,
841,5051,0.3742494583129883,
842,5057,0.37915533781051636,
843,5063,,0.4357987344264984
843,5063,0.38571038842201233,
844,5069,0.37947553396224976,
845,5075,0.38814160227775574,
846,5081,0.40146347880363464,
847,5087,,0.43579739332199097
847,5087,0.37447938323020935,
848,5093,0.3904952108860016,
849,5099,0.37757760286331177,
850,5105,0.3728988766670227,
851,5111,,0.43578946590423584
851,5111,0.37552908062934875,
852,5117,0.3609590232372284,
853,5123,0.379487544298172,
854,5129,0.37081003189086914,
855,5135,,0.435783326625824
855,5135,0.37021690607070923,
856,5141,0.38565218448638916,
857,5147,0.38894930481910706,
858,5153,0.3657161295413971,
859,5159,,0.435782790184021
859,5159,0.3573117256164551,
860,5165,0.3854028284549713,
861,5171,0.39438000321388245,
862,5177,0.3980967700481415,
863,5183,,0.4357846677303314
863,5183,0.39537569880485535,
864,5189,0.3993668258190155,
865,5195,0.3735772371292114,
866,5201,0.3878539800643921,
867,5207,,0.43578606843948364
867,5207,0.4095742404460907,
868,5213,0.37832558155059814,
869,5219,0.39130648970603943,
870,5225,0.3756808936595917,
871,5231,,0.4357874095439911
871,5231,0.40529364347457886,
872,5237,0.38339537382125854,
873,5243,0.3925217390060425,
874,5249,0.3852335810661316,
875,5255,,0.43578803539276123
875,5255,0.398759126663208,
876,5261,0.384866863489151,
877,5267,0.3730035722255707,
878,5273,0.3678487539291382,
879,5279,,0.43578410148620605
879,5279,0.3985121548175812,
880,5285,0.39743945002555847,
881,5291,0.38044723868370056,
882,5297,0.38280996680259705,
883,5303,,0.43577784299850464
883,5303,0.3887347877025604,
884,5309,0.3988913297653198,
885,5315,0.38368773460388184,
886,5321,0.3887261152267456,
887,5327,,0.4357740879058838
887,5327,0.38939356803894043,
888,5333,0.39300888776779175,
889,5339,0.38736170530319214,
890,5345,0.37737953662872314,
891,5351,,0.4357798099517822
891,5351,0.3848569989204407,
892,5357,0.3854120671749115,
893,5363,0.3909406363964081,
894,5369,0.38505297899246216,
895,5375,,0.4357765018939972
895,5375,0.398904949426651,
896,5381,0.3932465612888336,
897,5387,0.3860514760017395,
898,5393,0.37619441747665405,
899,5399,,0.43577292561531067
899,5399,0.4029795825481415,
900,5405,0.39995718002319336,
901,5411,0.3776354193687439,
902,5417,0.38015225529670715,
903,5423,,0.43577077984809875
903,5423,0.3591572344303131,
904,5429,0.399331659078598,
905,5435,0.3829633593559265,
906,5441,0.39482247829437256,
907,5447,,0.435761421918869
907,5447,0.3773176372051239,
908,5453,0.3851616084575653,
909,5459,0.41933032870292664,
910,5465,0.3853936791419983,
911,5471,,0.4357641935348511
911,5471,0.4012421667575836,
912,5477,0.38322874903678894,
913,5483,0.40781259536743164,
914,5489,0.3731130361557007,
915,5495,,0.4357590675354004
915,5495,0.3961920738220215,
916,5501,0.39741966128349304,
917,5507,0.38530096411705017,
918,5513,0.3948388695716858,
919,5519,,0.43576401472091675
919,5519,0.4023278057575226,
920,5525,0.4119570553302765,
921,5531,0.3932482600212097,
922,5537,0.3849584758281708,
923,5543,,0.43576884269714355
923,5543,0.3765081763267517,
924,5549,0.39017021656036377,
925,5555,0.38483238220214844,
926,5561,0.3941758871078491,
927,5567,,0.4357713460922241
927,5567,0.38677263259887695,
928,5573,0.37966030836105347,
929,5579,0.3711960017681122,
930,5585,0.39141613245010376,
931,5591,,0.43577536940574646
931,5591,0.39761587977409363,
932,5597,0.377868115901947,
933,5603,0.4003746807575226,
934,5609,0.39119192957878113,
935,5615,,0.43577489256858826
935,5615,0.3578569293022156,
936,5621,0.3415197730064392,
937,5627,0.38153302669525146,
938,5633,0.37165260314941406,
939,5639,,0.4357600510120392
939,5639,0.3982064127922058,
940,5645,0.3762926459312439,
941,5651,0.3834521770477295,
942,5657,0.38735246658325195,
943,5663,,0.43575620651245117
943,5663,0.3849490284919739,
944,5669,0.364592045545578,
945,5675,0.3859451711177826,
946,5681,0.3887435495853424,
947,5687,,0.43575602769851685
947,5687,0.3896828889846802,
948,5693,0.39087024331092834,
949,5699,0.3922518193721771,
950,5705,0.37253400683403015,
951,5711,,0.4357571303844452
951,5711,0.38918325304985046,
952,5717,0.39227789640426636,
953,5723,0.37596696615219116,
954,5729,0.3860808312892914,
955,5735,,0.43576669692993164
955,5735,0.38074159622192383,
956,5741,0.3925166428089142,
957,5747,0.37351468205451965,
958,5753,0.38002946972846985,
959,5759,,0.4357619285583496
959,5759,0.37870094180107117,
960,5765,0.39595651626586914,
961,5771,0.3927430808544159,
962,5777,0.40080568194389343,
963,5783,,0.43576058745384216
963,5783,0.39887765049934387,
964,5789,0.37575703859329224,
965,5795,0.3911459743976593,
966,5801,0.3923801779747009,
967,5807,,0.4357573091983795
967,5807,0.371572345495224,
968,5813,0.39834171533584595,
969,5819,0.3559982180595398,
970,5825,0.3849826455116272,
971,5831,,0.4357517659664154
971,5831,0.3682524561882019,
972,5837,0.39339396357536316,
973,5843,0.3796606659889221,
974,5849,0.38941890001296997,
975,5855,,0.4357539713382721
975,5855,0.3897114396095276,
976,5861,0.378478080034256,
977,5867,0.3908136487007141,
978,5873,0.39409729838371277,
979,5879,,0.4357507526874542
979,5879,0.38340771198272705,
980,5885,0.38173291087150574,
981,5891,0.3672773241996765,
982,5897,0.39531341195106506,
983,5903,,0.4357539117336273
983,5903,0.38644909858703613,
984,5909,0.377523273229599,
985,5915,0.38055071234703064,
986,5921,0.3799853026866913,
987,5927,,0.4357534348964691
987,5927,0.3769073188304901,
988,5933,0.3853931427001953,
989,5939,0.38174912333488464,
990,5945,0.3855152130126953,
991,5951,,0.4357569217681885
991,5951,0.3946789801120758,
992,5957,0.3931702971458435,
993,5963,0.4037971496582031,
994,5969,0.38976162672042847,
995,5975,,0.43576115369796753
995,5975,0.3816755712032318,
996,5981,0.38584089279174805,
997,5987,0.39464420080184937,
998,5993,0.39100322127342224,
999,5999,,0.4357662498950958
999,5999,0.36682817339897156,
1000,6005,0.40447869896888733,
1001,6011,0.3890831172466278,
1002,6017,0.37057846784591675,
1003,6023,,0.4357592761516571
1003,6023,0.3948032855987549,
1004,6029,0.3727131187915802,
1005,6035,0.3845250904560089,
1006,6041,0.39566919207572937,
1007,6047,,0.43575558066368103
1007,6047,0.3879390060901642,
1008,6053,0.40673765540122986,
1009,6059,0.3991510570049286,
1010,6065,0.3729458153247833,
1011,6071,,0.43575432896614075
1011,6071,0.3907073438167572,
1012,6077,0.38474056124687195,
1013,6083,0.38669610023498535,
1014,6089,0.40162813663482666,
1015,6095,,0.43575558066368103
1015,6095,0.3749356269836426,
1016,6101,0.3864246606826782,
1017,6107,0.3789801001548767,
1018,6113,0.3572636544704437,
1019,6119,,0.43576228618621826
1019,6119,0.39204785227775574,
1020,6125,0.37697523832321167,
1021,6131,0.36425158381462097,
1022,6137,0.386671781539917,
1023,6143,,0.4357624650001526
1023,6143,0.37880438566207886,
1024,6149,0.39044931530952454,
1025,6155,0.40361347794532776,
1026,6161,0.37639549374580383,
1027,6167,,0.4357636570930481
1027,6167,0.38926461338996887,
1028,6173,0.37631434202194214,
1029,6179,0.3801475465297699,
1030,6185,0.38447263836860657,
1031,6191,,0.4357612431049347
1031,6191,0.3673934042453766,
1032,6197,0.39138397574424744,
1033,6203,0.36754336953163147,
1034,6209,0.4027004837989807,
1035,6215,,0.43576106429100037
1035,6215,0.3817198872566223,
1036,6221,0.3838857114315033,
1037,6227,0.3911086320877075,
1038,6233,0.39687055349349976,
1039,6239,,0.4357638359069824
1039,6239,0.37132078409194946,
1040,6245,0.38476040959358215,
1041,6251,0.36288416385650635,
1042,6257,0.379373699426651,
1043,6263,,0.4357582628726959
1043,6263,0.37778782844543457,
1044,6269,0.38535478711128235,
1045,6275,0.4052291512489319,
1046,6281,0.37199166417121887,
1047,6287,,0.43575844168663025
1047,6287,0.3758738040924072,
1048,6293,0.3974759876728058,
1049,6299,0.3991917371749878,
1050,6305,0.3568880558013916,
1051,6311,,0.43576300144195557
1051,6311,0.3613605201244354,
1052,6317,0.367737740278244,
1053,6323,0.37428778409957886,
1054,6329,0.37870070338249207,
1055,6335,,0.43576580286026
1055,6335,0.38310426473617554,
1056,6341,0.39670148491859436,
1057,6347,0.3893283009529114,
1058,6353,0.38778966665267944,
1059,6359,,0.43576768040657043
1059,6359,0.380790114402771,
1060,6365,0.37589165568351746,
1061,6371,0.36531612277030945,
1062,6377,0.39784711599349976,
1063,6383,,0.43576371669769287
1063,6383,0.39603349566459656,
1064,6389,0.3620638847351074,
1065,6395,0.36841216683387756,
1066,6401,0.3862002193927765,
1067,6407,,0.43576472997665405
1067,6407,0.38573700189590454,
1068,6413,0.38941362500190735,
1069,6419,0.3798488974571228,
1070,6425,0.38031286001205444,
1071,6431,,0.43575721979141235
1071,6431,0.38109323382377625,
1072,6437,0.3710670471191406,
1073,6443,0.36233800649642944,
1074,6449,0.37625041604042053,
1075,6455,,0.43574362993240356
1075,6455,0.37869328260421753,
1076,6461,0.4004192352294922,
1077,6467,0.3853333592414856,
1078,6473,0.3803100287914276,
1079,6479,,0.4357452392578125
1079,6479,0.37913981080055237,
1080,6485,0.3855055570602417,
1081,6491,0.3985450565814972,
1082,6497,0.39223286509513855,
1083,6503,,0.43574219942092896
1083,6503,0.388459712266922,
1084,6509,0.3925224542617798,
1085,6515,0.3970380127429962,
1086,6521,0.3652692139148712,
1087,6527,,0.4357497990131378
1087,6527,0.3951822519302368,
1088,6533,0.3569267988204956,
1089,6539,0.38912129402160645,
1090,6545,0.37991416454315186,
1091,6551,,0.4357500374317169
1091,6551,0.39289620518684387,
1092,6557,0.37962231040000916,
1093,6563,0.3694552779197693,
1094,6569,0.3662853240966797,
1095,6575,,0.435748815536499
1095,6575,0.37038230895996094,
1096,6581,0.38972359895706177,
1097,6587,0.3816550672054291,
1098,6593,0.41051098704338074,
1099,6599,,0.4357399642467499
1099,6599,0.3814793825149536,
1100,6605,0.3987385332584381,
1101,6611,0.41056880354881287,
1102,6617,0.4074988067150116,
1103,6623,,0.43573763966560364
1103,6623,0.38656699657440186,
1104,6629,0.38444405794143677,
1105,6635,0.3793053925037384,
1106,6641,0.3744523525238037,
1107,6647,,0.43574059009552
1107,6647,0.39179837703704834,
1108,6653,0.38723617792129517,
1109,6659,0.37320443987846375,
1110,6665,0.4031444489955902,
1111,6671,,0.4357479214668274
1111,6671,0.3734883964061737,
1112,6677,0.3704913556575775,
1113,6683,0.38241568207740784,
1114,6689,0.39224371314048767,
1115,6695,,0.4357500672340393
1115,6695,0.3720027208328247,
1116,6701,0.39040476083755493,
1117,6707,0.378400981426239,
1118,6713,0.39493972063064575,
1119,6719,,0.43574729561805725
1119,6719,0.3899489641189575,
1120,6725,0.396287202835083,
1121,6731,0.3967702090740204,
1122,6737,0.3791329562664032,
1123,6743,,0.4357456862926483
1123,6743,0.38524389266967773,
1124,6749,0.3730144500732422,
1125,6755,0.37518203258514404,
1126,6761,0.3654451072216034,
1127,6767,,0.43574756383895874
1127,6767,0.40810146927833557,
1128,6773,0.3680967390537262,
1129,6779,0.39528781175613403,
1130,6785,0.4041479527950287,
1131,6791,,0.4357481002807617
1131,6791,0.37676408886909485,
1132,6797,0.3664228320121765,
1133,6803,0.3905244767665863,
1134,6809,0.3760766386985779,
1135,6815,,0.43575701117515564
1135,6815,0.39958518743515015,
1136,6821,0.3826780617237091,
1137,6827,0.37303802371025085,
1138,6833,0.390089213848114,
1139,6839,,0.435752809047699
1139,6839,0.40162789821624756,
1140,6845,0.37915104627609253,
1141,6851,0.38592109084129333,
1142,6857,0.41752511262893677,
1143,6863,,0.43574291467666626
1143,6863,0.3775140047073364,
1144,6869,0.3827436864376068,
1145,6875,0.39299634099006653,
1146,6881,0.3797353208065033,
1147,6887,,0.435749351978302
1147,6887,0.3881363570690155,
1148,6893,0.3772084712982178,
1149,6899,0.3740159571170807,
1150,6905,0.3905218839645386,
1151,6911,,0.43574658036231995
1151,6911,0.3985659182071686,
1152,6917,0.3717252016067505,
1153,6923,0.3959689736366272,
1154,6929,0.3674786686897278,
1155,6935,,0.4357524514198303
1155,6935,0.39764106273651123,
1156,6941,0.3748289942741394,
1157,6947,0.37821322679519653,
1158,6953,0.37445369362831116,
1159,6959,,0.43574386835098267
1159,6959,0.405961811542511,
1160,6965,0.3905693590641022,
1161,6971,0.3743002712726593,
1162,6977,0.3656710982322693,
1163,6983,,0.43572893738746643
1163,6983,0.3918394446372986,
1164,6989,0.3785937428474426,
1165,6995,0.37423577904701233,
1166,7001,0.3821980059146881,
1167,7007,,0.435724675655365
1167,7007,0.3840099275112152,
1168,7013,0.385758638381958,
1169,7019,0.3675123155117035,
1170,7025,0.36816444993019104,
1171,7031,,0.43571802973747253
1171,7031,0.38708916306495667,
1172,7037,0.39135482907295227,
1173,7043,0.38087067008018494,
1174,7049,0.3839326798915863,
1175,7055,,0.4357203543186188
1175,7055,0.3858211934566498,
1176,7061,0.37314847111701965,
1177,7067,0.3968355655670166,
1178,7073,0.3638397753238678,
1179,7079,,0.4357130229473114
1179,7079,0.37246569991111755,
1180,7085,0.3935135006904602,
1181,7091,0.37426134943962097,
1182,7097,0.39382216334342957,
1183,7103,,0.4357103407382965
1183,7103,0.37940508127212524,
1184,7109,0.386292427778244,
1185,7115,0.35563021898269653,
1186,7121,0.3673299551010132,
1187,7127,,0.43570587038993835
1187,7127,0.3931451737880707,
1188,7133,0.38401880860328674,
1189,7139,0.388445645570755,
1190,7145,0.38878604769706726,
1191,7151,,0.43570446968078613
1191,7151,0.39440593123435974,
1192,7157,0.4114793539047241,
1193,7163,0.40237200260162354,
1194,7169,0.3855218291282654,
1195,7175,,0.43570947647094727
1195,7175,0.36885887384414673,
1196,7181,0.3757655620574951,
1197,7187,0.38670164346694946,
1198,7193,0.37588000297546387,
1199,7199,,0.43570393323898315
1199,7199,0.40453651547431946,
1200,7205,0.3752475380897522,
1201,7211,0.40086978673934937,
1202,7217,0.39229854941368103,
1203,7223,,0.43570026755332947
1203,7223,0.37438005208969116,
1204,7229,0.4015854597091675,
1205,7235,0.3497503995895386,
1206,7241,0.38371801376342773,
1207,7247,,0.43569415807724
1207,7247,0.37365657091140747,
1208,7253,0.394875705242157,
1209,7259,0.37904441356658936,
1210,7265,0.39243680238723755,
1211,7271,,0.4356933832168579
1211,7271,0.38367176055908203,
1212,7277,0.3706735372543335,
1213,7283,0.38435861468315125,
1214,7289,0.3701501488685608,
1215,7295,,0.43569961190223694
1215,7295,0.3990800082683563,
1216,7301,0.3729749023914337,
1217,7307,0.40180617570877075,
1218,7313,0.38529786467552185,
1219,7319,,0.435701847076416
1219,7319,0.37518301606178284,
1220,7325,0.3732222318649292,
1221,7331,0.39565011858940125,
1222,7337,0.40699639916419983,
1223,7343,,0.4357069730758667
1223,7343,0.388405442237854,
1224,7349,0.40928903222084045,
1225,7355,0.37305954098701477,
1226,7361,0.3960067629814148,
1227,7367,,0.4357075095176697
1227,7367,0.4006730020046234,
1228,7373,0.37396034598350525,
1229,7379,0.36804038286209106,
1230,7385,0.36888831853866577,
1231,7391,,0.4357091784477234
1231,7391,0.3813104033470154,
1232,7397,0.3714243173599243,
1233,7403,0.4084584712982178,
1234,7409,0.3888145983219147,
1235,7415,,0.43571510910987854
1235,7415,0.38005176186561584,
1236,7421,0.3933074176311493,
1237,7427,0.38227546215057373,
1238,7433,0.38508734107017517,
1239,7439,,0.4357143044471741
1239,7439,0.3832944333553314,
1240,7445,0.38549312949180603,
1241,7451,0.4082104563713074,
1242,7457,0.3935270607471466,
1243,7463,,0.4357067942619324
1243,7463,0.37921178340911865,
1244,7469,0.3866598904132843,
1245,7475,0.3780069053173065,
1246,7481,0.3875309228897095,
1247,7487,,0.43570515513420105
1247,7487,0.4015009105205536,
1248,7493,0.39651551842689514,
1249,7499,0.3814157545566559,
1250,7505,0.3839990794658661,
1251,7511,,0.4357050955295563
1251,7511,0.39009830355644226,
1252,7517,0.38666248321533203,
1253,7523,0.35300177335739136,
1254,7529,0.3926611840724945,
1255,7535,,0.4357016682624817
1255,7535,0.38588055968284607,
1256,7541,0.371772825717926,
1257,7547,0.3866628110408783,
1258,7553,0.37913957238197327,
1259,7559,,0.43569818139076233
1259,7559,0.3562254309654236,
1260,7565,0.3807835876941681,
1261,7571,0.4070078432559967,
1262,7577,0.3891785740852356,
1263,7583,,0.43569767475128174
1263,7583,0.38969507813453674,
1264,7589,0.3797948360443115,
1265,7595,0.3888871371746063,
1266,7601,0.3869262635707855,
1267,7607,,0.4356967508792877
1267,7607,0.38361212611198425,
1268,7613,0.38954097032546997,
1269,7619,0.38309046626091003,
1270,7625,0.37335190176963806,
1271,7631,,0.4356915056705475
1271,7631,0.40997034311294556,
1272,7637,0.3902427852153778,
1273,7643,0.3725641965866089,
1274,7649,0.37261590361595154,
1275,7655,,0.4356957674026489
1275,7655,0.38159826397895813,
1276,7661,0.3998384177684784,
1277,7667,0.378526896238327,
1278,7673,0.3933899998664856,
1279,7679,,0.4356998801231384
1279,7679,0.37351006269454956,
1280,7685,0.38430356979370117,
1281,7691,0.366118848323822,
1282,7697,0.4179375171661377,
1283,7703,,0.435698002576828
1283,7703,0.3833185136318207,
1284,7709,0.39056459069252014,
1285,7715,0.3980383276939392,
1286,7721,0.39753827452659607,
1287,7727,,0.43569570779800415
1287,7727,0.40133488178253174,
1288,7733,0.3810516893863678,
1289,7739,0.3754291534423828,
1290,7745,0.4100540280342102,
1291,7751,,0.43571019172668457
1291,7751,0.37587523460388184,
1292,7757,0.38557446002960205,
1293,7763,0.3789781928062439,
1294,7769,0.39299508929252625,
1295,7775,,0.43571507930755615
1295,7775,0.384080171585083,
1296,7781,0.3947473168373108,
1297,7787,0.38613274693489075,
1298,7793,0.39222952723503113,
1299,7799,,0.4357222616672516
1299,7799,0.38375407457351685,
1300,7805,0.415465384721756,
1301,7811,0.352084219455719,
1302,7817,0.3827493190765381,
1303,7823,,0.43572303652763367
1303,7823,0.40429550409317017,
1304,7829,0.37854763865470886,
1305,7835,0.3723864257335663,
1306,7841,0.37029343843460083,
1307,7847,,0.43571528792381287
1307,7847,0.40117815136909485,
1308,7853,0.3687509298324585,
1309,7859,0.39183512330055237,
1310,7865,0.40702691674232483,
1311,7871,,0.43571940064430237
1311,7871,0.37233075499534607,
1312,7877,0.39422348141670227,
1313,7883,0.39962050318717957,
1314,7889,0.40086129307746887,
1315,7895,,0.43571510910987854
1315,7895,0.3819785714149475,
1316,7901,0.36632734537124634,
1317,7907,0.3715989291667938,
1318,7913,0.3657211363315582,
1319,7919,,0.43570631742477417
1319,7919,0.3821803331375122,
1320,7925,0.37124407291412354,
1321,7931,0.3831966817378998,
1322,7937,0.36878910660743713,
1323,7943,,0.4357074797153473
1323,7943,0.39779970049858093,
1324,7949,0.393218994140625,
1325,7955,0.3723142445087433,
1326,7961,0.37555497884750366,
1327,7967,,0.4357135593891144
1327,7967,0.3799222707748413,
1328,7973,0.3937681317329407,
1329,7979,0.4004276990890503,
1330,7985,0.3959483802318573,
1331,7991,,0.4357154667377472
1331,7991,0.3861193358898163,
1332,7997,0.38230517506599426,
1333,8003,0.3741838037967682,
1334,8009,0.37062662839889526,
1335,8015,,0.4357125759124756
1335,8015,0.386081725358963,
1336,8021,0.37315329909324646,
1337,8027,0.3852901756763458,
1338,8033,0.39212921261787415,
1339,8039,,0.43571627140045166
1339,8039,0.38014209270477295,
1340,8045,0.3862628638744354,
1341,8051,0.36898520588874817,
1342,8057,0.3753645718097687,
1343,8063,,0.43570956587791443
1343,8063,0.38345491886138916,
1344,8069,0.3848343789577484,
1345,8075,0.3837476968765259,
1346,8081,0.36967214941978455,
1347,8087,,0.43570801615715027
1347,8087,0.3670511245727539,
1348,8093,0.3843044638633728,
1349,8099,0.38102835416793823,
1350,8105,0.3585052192211151,
1351,8111,,0.4357098340988159
1351,8111,0.3897511661052704,
1352,8117,0.3771139681339264,
1353,8123,0.37774449586868286,
1354,8129,0.37190791964530945,
1355,8135,,0.43570777773857117
1355,8135,0.37789085507392883,
1356,8141,0.3843727707862854,
1357,8147,0.38614243268966675,
1358,8153,0.3783070147037506,
1359,8159,,0.43570786714553833
1359,8159,0.3901098668575287,
1360,8165,0.36879482865333557,
1361,8171,0.3973274230957031,
1362,8177,0.3853464722633362,
1363,8183,,0.4357171654701233
1363,8183,0.4006956219673157,
1364,8189,0.39748409390449524,
1365,8195,0.38732990622520447,
1366,8201,0.3744117319583893,
1367,8207,,0.4357256293296814
1367,8207,0.38017797470092773,
1368,8213,0.38401922583580017,
1369,8219,0.38617607951164246,
1370,8225,0.4019488990306854,
1371,8231,,0.43572869896888733
1371,8231,0.39653804898262024,
1372,8237,0.36144760251045227,
1373,8243,0.3780529201030731,
1374,8249,0.3926966190338135,
1375,8255,,0.43572598695755005
1375,8255,0.3975406885147095,
1376,8261,0.37396860122680664,
1377,8267,0.3921365439891815,
1378,8273,0.3711124360561371,
1379,8279,,0.43572553992271423
1379,8279,0.38159483671188354,
1380,8285,0.3944524824619293,
1381,8291,0.3951126039028168,
1382,8297,0.3872758448123932,
1383,8303,,0.43571919202804565
1383,8303,0.38236984610557556,
1384,8309,0.40581148862838745,
1385,8315,0.38451725244522095,
1386,8321,0.38764581084251404,
1387,8327,,0.43571528792381287
1387,8327,0.3822982609272003,
1388,8333,0.4057897925376892,
1389,8339,0.38783928751945496,
1390,8345,0.3714545667171478,
1391,8351,,0.43571868538856506
1391,8351,0.403807133436203,
1392,8357,0.38707008957862854,
1393,8363,0.3884432315826416,
1394,8369,0.4165723919868469,
1395,8375,,0.4357096254825592
1395,8375,0.4013034701347351,
1396,8381,0.3796623945236206,
1397,8387,0.3746330440044403,
1398,8393,0.40441787242889404,
1399,8399,,0.43570801615715027
1399,8399,0.3815234899520874,
1400,8405,0.3831823170185089,
1401,8411,0.37299132347106934,
1402,8417,0.38351789116859436,
1403,8423,,0.43570560216903687
1403,8423,0.36994078755378723,
1404,8429,0.3723231256008148,
1405,8435,0.38962435722351074,
1406,8441,0.39507627487182617,
1407,8447,,0.43569934368133545
1407,8447,0.3707123100757599,
1408,8453,0.3827955722808838,
1409,8459,0.40666308999061584,
1410,8465,0.3728177845478058,
1411,8471,,0.4356970191001892
1411,8471,0.3791615068912506,
1412,8477,0.3805038034915924,
1413,8483,0.3984052836894989,
1414,8489,0.3776819407939911,
1415,8495,,0.4357031285762787
1415,8495,0.3976655900478363,
1416,8501,0.39095064997673035,
1417,8507,0.4071906507015228,
1418,8513,0.38149234652519226,
1419,8519,,0.43570980429649353
1419,8519,0.39801955223083496,
1420,8525,0.3855588138103485,
1421,8531,0.3706319332122803,
1422,8537,0.37465694546699524,
1423,8543,,0.4357130527496338
1423,8543,0.40314918756484985,
1424,8549,0.39200055599212646,
1425,8555,0.37442904710769653,
1426,8561,0.3623929023742676,
1427,8567,,0.4357210099697113
1427,8567,0.3832434415817261,
1428,8573,0.3679907023906708,
1429,8579,0.3876238167285919,
1430,8585,0.3788130581378937,
1431,8591,,0.43571895360946655
1431,8591,0.37835684418678284,
1432,8597,0.3991369903087616,
1433,8603,0.37512537837028503,
1434,8609,0.3669462502002716,
1435,8615,,0.43570759892463684
1435,8615,0.3788267970085144,
1436,8621,0.37144577503204346,
1437,8627,0.38280829787254333,
1438,8633,0.3803499639034271,
1439,8639,,0.4356967508792877
1439,8639,0.3960079848766327,
1440,8645,0.3717184364795685,
1441,8651,0.3740217387676239,
1442,8657,0.39180952310562134,
1443,8663,,0.43570026755332947
1443,8663,0.3761427402496338,
1444,8669,0.3810569941997528,
1445,8675,0.3963048756122589,
1446,8681,0.3930421471595764,
1447,8687,,0.43571341037750244
1447,8687,0.3801705241203308,
1448,8693,0.39376240968704224,
1449,8699,0.41583433747291565,
1450,8705,0.380828857421875,
1451,8711,,0.4357149004936218
1451,8711,0.38900795578956604,
1452,8717,0.38726019859313965,
1453,8723,0.3937796652317047,
1454,8729,0.392852246761322,
1455,8735,,0.4357149004936218
1455,8735,0.4061031639575958,
1456,8741,0.39209020137786865,
1457,8747,0.39227983355522156,
1458,8753,0.3894643485546112,
1459,8759,,0.4357174336910248
1459,8759,0.3695756196975708,
1460,8765,0.408495157957077,
1461,8771,0.37987619638442993,
1462,8777,0.3721753656864166,
1463,8783,,0.4357192814350128
1463,8783,0.3911541700363159,
1464,8789,0.3761412501335144,
1465,8795,0.39584288001060486,
1466,8801,0.4010773301124573,
1467,8807,,0.435712605714798
1467,8807,0.3923310339450836,
1468,8813,0.3619830906391144,
1469,8819,0.38435521721839905,
1470,8825,0.380719929933548,
1471,8831,,0.43571215867996216
1471,8831,0.38952842354774475,
1472,8837,0.38456255197525024,
1473,8843,0.3715613782405853,
1474,8849,0.3942638635635376,
1475,8855,,0.4357062578201294
1475,8855,0.4030359089374542,
1476,8861,0.39333605766296387,
1477,8867,0.3709344267845154,
1478,8873,0.3635685443878174,
1479,8879,,0.4357006251811981
1479,8879,0.3930698037147522,
1480,8885,0.38797757029533386,
1481,8891,0.40867090225219727,
1482,8897,0.3932248055934906,
1483,8903,,0.4356923997402191
1483,8903,0.3775891661643982,
1484,8909,0.38559961318969727,
1485,8915,0.38806527853012085,
1486,8921,0.3989998698234558,
1487,8927,,0.43568623065948486
1487,8927,0.3903403878211975,
1488,8933,0.3864855468273163,
1489,8939,0.39070990681648254,
1490,8945,0.39375317096710205,
1491,8951,,0.43568775057792664
1491,8951,0.3849349319934845,
1492,8957,0.3922375738620758,
1493,8963,0.36235177516937256,
1494,8969,0.381651908159256,
1495,8975,,0.4356923997402191
1495,8975,0.39872872829437256,
1496,8981,0.3819775879383087,
1497,8987,0.3829087018966675,
1498,8993,0.3716347813606262,
1499,8999,,0.4356898069381714
1499,8999,0.39152970910072327,
1500,9005,0.39181238412857056,
1501,9011,0.3959423303604126,
1502,9017,0.38218677043914795,
1503,9023,,0.43568843603134155
1503,9023,0.38264361023902893,
1504,9029,0.38203316926956177,
1505,9035,0.3877367377281189,
1506,9041,0.37570324540138245,
1507,9047,,0.43569427728652954
1507,9047,0.3654956817626953,
1508,9053,0.38633230328559875,
1509,9059,0.3834908604621887,
1510,9065,0.39011141657829285,
1511,9071,,0.4356984496116638
1511,9071,0.39653825759887695,
1512,9077,0.3632640838623047,
1513,9083,0.35374268889427185,
1514,9089,0.39424559473991394,
1515,9095,,0.435690313577652
1515,9095,0.37113815546035767,
1516,9101,0.35701435804367065,
1517,9107,0.39455050230026245,
1518,9113,0.36826595664024353,
1519,9119,,0.435674250125885
1519,9119,0.3869639039039612,
1520,9125,0.3833047151565552,
1521,9131,0.40785375237464905,
1522,9137,0.3774033784866333,
1523,9143,,0.43567001819610596
1523,9143,0.39168933033943176,
1524,9149,0.3989444971084595,
1525,9155,0.3701719641685486,
1526,9161,0.3986564874649048,
1527,9167,,0.4356667697429657
1527,9167,0.39008644223213196,
1528,9173,0.37912678718566895,
1529,9179,0.40809109807014465,
1530,9185,0.37859246134757996,
1531,9191,,0.43567126989364624
1531,9191,0.39529526233673096,
1532,9197,0.38547828793525696,
1533,9203,0.39860081672668457,
1534,9209,0.3797382712364197,
